{"labels_3d": [1, 2, 2, 2, 2, 2, 2, 2, 2, 2, 2], "scores_3d": [0.23497338593006134, 0.9383131861686707, 0.9205359220504761, 0.8835601806640625, 0.8072811961174011, 0.7571752667427063, 0.6746944189071655, 0.5635929107666016, 0.4836243689060211, 0.39277878403663635, 0.35262271761894226], "bboxes_3d": [[24.087936401367188, -9.094940185546875, -1.720259189605713, 1.6797443628311157, 0.4391494393348694, 1.660906195640564, -0.410067081451416], [14.717499732971191, -1.078985571861267, -1.479578971862793, 3.546968698501587, 1.569614291191101, 1.4682252407073975, -0.307247519493103], [6.462486743927002, -3.8739356994628906, -1.7407397031784058, 3.156005620956421, 1.5153850317001343, 1.4742960929870605, -0.2976388931274414], [8.12305736541748, 1.2157976627349854, -1.5884120464324951, 3.734109878540039, 1.585818886756897, 1.5752942562103271, 2.840517997741699], [3.7479143142700195, 2.745455026626587, -1.569584846496582, 3.790766477584839, 1.5566164255142212, 1.4646936655044556, -0.28489768505096436], [33.60694885253906, -7.087383270263672, -1.3091391324996948, 4.117680549621582, 1.7113666534423828, 1.6893357038497925, 2.855623722076416], [40.9820671081543, -9.7978515625, -1.3813564777374268, 3.8139169216156006, 1.618621826171875, 1.5940052270889282, -0.29528355598449707], [28.70507049560547, -1.6229785680770874, -1.228366732597351, 3.8274850845336914, 1.604286551475525, 1.513196587562561, 1.2790848016738892], [55.31039047241211, -20.21324348449707, -1.278022050857544, 3.7305727005004883, 1.6033998727798462, 1.508072853088379, 2.8274502754211426], [20.61685562133789, -8.620634078979492, -1.6423808336257935, 3.1349117755889893, 1.5660699605941772, 1.5564559698104858, -0.38769471645355225], [24.927570343017578, -9.990546226501465, -1.7063519954681396, 3.6324121952056885, 1.5868335962295532, 1.474578857421875, -0.34296882152557373]], "box_type_3d": "LiDAR"}