{"labels_3d": [0], "scores_3d": [0.9563012719154358], "bboxes_3d": [[7.937572479248047, -2.310361862182617, -0.971460223197937, 0.800173282623291, 0.7858046889305115, 1.7476959228515625, 0.0374068021774292]], "box_type_3d": "LiDAR"}