{"labels_3d": [0], "scores_3d": [0.11748173087835312], "bboxes_3d": [[6.445183277130127, 8.911558151245117, -1.876457691192627, 0.7045738697052002, 0.67979496717453, 1.7494784593582153, 0.7592116594314575]], "box_type_3d": "LiDAR"}