{
  "camera_intrinsic": [
    [
      721.5377,
      0.0,
      609.5593
    ],
    [
      0.0,
      721.5377,
      172.854
    ],
    [
      0.0,
      0.0,
      1.0
    ]
  ],
  "camera_extrinsic": [
    [
      0.0,
      -1.0,
      0.0,
      0.0
    ],
    [
      0.0,
      0.0,
      -1.0,
      -0.08
    ],
    [
      1.0,
      0.0,
      0.0,
      -0.27
    ],
    [
      0.0,
      0.0,
      0.0,
      1.0
    ]
  ],
  "projection_matrix": [
    [
      609.5593,
      -721.5377,
      0.0,
      -164.58101100000002
    ],
    [
      172.854,
      0.0,
      -721.5377,
      -104.393596
    ],
    [
      1.0,
      0.0,
      0.0,
      -0.27
    ]
  ],
  "image_size": [
    1242,
    375
  ],
  "distortion_coefficients": [
    0.0,
    0.0,
    0.0,
    0.0,
    0.0
  ],
  "description": "Manual calibration - point cloud to image projection"
}